{
    "simulation_id": "507",
    "total_periods": 400,
    "agents": {
        "Lignite": {
            "initial_budget": 370356.0,
            "final_budget": 85434346.03,
            "average_budget_change": 213192.9574686717,
            "acceptance_rate": 39.25,
            "average_offer_price": 125.09797073125839,
            "average_accepted_price": 98.79181690580526,
            "resources": {
                "lignite": {
                    "total_offers": 400,
                    "accepted_offers": 157,
                    "acceptance_rate": 39.25,
                    "average_offer_price": 125.09797073125839,
                    "average_accepted_price": 98.79181690580526
                }
            }
        },
        "Coal": {
            "initial_budget": 0.0,
            "final_budget": 12485245.41,
            "average_budget_change": 31291.34187969925,
            "acceptance_rate": 8.75,
            "average_offer_price": 184.97642443180084,
            "average_accepted_price": 140.0655750819615,
            "resources": {
                "importcoal": {
                    "total_offers": 400,
                    "accepted_offers": 35,
                    "acceptance_rate": 8.75,
                    "average_offer_price": 184.97642443180084,
                    "average_accepted_price": 140.0655750819615
                }
            }
        },
        "Naturalgas": {
            "initial_budget": 0.0,
            "final_budget": 27974531.96,
            "average_budget_change": 70111.60892230576,
            "acceptance_rate": 11.25,
            "average_offer_price": 186.10797842979431,
            "average_accepted_price": 160.07107764350044,
            "resources": {
                "naturalgas": {
                    "total_offers": 400,
                    "accepted_offers": 45,
                    "acceptance_rate": 11.25,
                    "average_offer_price": 186.10797842979431,
                    "average_accepted_price": 160.07107764350044
                }
            }
        },
        "Hydro": {
            "initial_budget": 0.0,
            "final_budget": 56485633.93,
            "average_budget_change": 141568.00483709274,
            "acceptance_rate": 69.0,
            "average_offer_price": 76.94322613365948,
            "average_accepted_price": 29.314445932814177,
            "resources": {
                "hydro": {
                    "total_offers": 400,
                    "accepted_offers": 276,
                    "acceptance_rate": 69.0,
                    "average_offer_price": 76.94322613365948,
                    "average_accepted_price": 29.314445932814177
                }
            }
        },
        "Wind": {
            "initial_budget": 452446.0,
            "final_budget": 157345057.2022638,
            "average_budget_change": 393214.56441670127,
            "acceptance_rate": 62.0,
            "average_offer_price": 93.72592110358178,
            "average_accepted_price": 80.8191197854617,
            "resources": {
                "wind": {
                    "total_offers": 400,
                    "accepted_offers": 248,
                    "acceptance_rate": 62.0,
                    "average_offer_price": 93.72592110358178,
                    "average_accepted_price": 80.8191197854617
                }
            }
        },
        "Solar": {
            "initial_budget": 48240.0,
            "final_budget": 24037025.31,
            "average_budget_change": 60122.268947368415,
            "acceptance_rate": 67.25,
            "average_offer_price": 70.80444136440754,
            "average_accepted_price": 59.608636398297705,
            "resources": {
                "solar": {
                    "total_offers": 400,
                    "accepted_offers": 269,
                    "acceptance_rate": 67.25,
                    "average_offer_price": 70.80444136440754,
                    "average_accepted_price": 59.608636398297705
                }
            }
        },
        "Geothermal": {
            "initial_budget": 0.0,
            "final_budget": 411978.95,
            "average_budget_change": 1032.5286967418547,
            "acceptance_rate": 82.75,
            "average_offer_price": 12.521854438744485,
            "average_accepted_price": 5.364868155734056,
            "resources": {
                "geotermal": {
                    "total_offers": 400,
                    "accepted_offers": 331,
                    "acceptance_rate": 82.75,
                    "average_offer_price": 12.521854438744485,
                    "average_accepted_price": 5.364868155734056
                }
            }
        }
    }
}