{
    "simulation_id": "506",
    "total_periods": 300,
    "agents": {
        "Lignite": {
            "initial_budget": 0.0,
            "final_budget": 74829908.596073,
            "average_budget_change": 250267.2528296756,
            "acceptance_rate": 52.666666666666664,
            "average_offer_price": 143.6507668318351,
            "average_accepted_price": 102.07606612843803,
            "resources": {
                "lignite": {
                    "total_offers": 300,
                    "accepted_offers": 158,
                    "acceptance_rate": 52.666666666666664,
                    "average_offer_price": 143.6507668318351,
                    "average_accepted_price": 102.07606612843803
                }
            }
        },
        "Coal": {
            "initial_budget": 0.0,
            "final_budget": 60478557.84,
            "average_budget_change": 202269.4242140468,
            "acceptance_rate": 27.0,
            "average_offer_price": 181.32946681340536,
            "average_accepted_price": 163.97888388457122,
            "resources": {
                "importcoal": {
                    "total_offers": 300,
                    "accepted_offers": 81,
                    "acceptance_rate": 27.0,
                    "average_offer_price": 181.32946681340536,
                    "average_accepted_price": 163.97888388457122
                }
            }
        },
        "Naturalgas": {
            "initial_budget": -282366.0,
            "final_budget": 73441599.55738159,
            "average_budget_change": 246568.44668020596,
            "acceptance_rate": 34.0,
            "average_offer_price": 183.2636643600464,
            "average_accepted_price": 179.33426943012313,
            "resources": {
                "naturalgas": {
                    "total_offers": 300,
                    "accepted_offers": 102,
                    "acceptance_rate": 34.0,
                    "average_offer_price": 183.2636643600464,
                    "average_accepted_price": 179.33426943012313
                }
            }
        },
        "Hydro": {
            "initial_budget": 0.0,
            "final_budget": 127931415.23,
            "average_budget_change": 427864.2649832776,
            "acceptance_rate": 51.66666666666667,
            "average_offer_price": 156.45335293451944,
            "average_accepted_price": 124.63665740720687,
            "resources": {
                "hydro": {
                    "total_offers": 300,
                    "accepted_offers": 155,
                    "acceptance_rate": 51.66666666666667,
                    "average_offer_price": 156.45335293451944,
                    "average_accepted_price": 124.63665740720687
                }
            }
        },
        "Wind": {
            "initial_budget": 0.0,
            "final_budget": 235062034.77584717,
            "average_budget_change": 786160.6514242379,
            "acceptance_rate": 70.66666666666667,
            "average_offer_price": 116.7318300328652,
            "average_accepted_price": 95.31440866471462,
            "resources": {
                "wind": {
                    "total_offers": 300,
                    "accepted_offers": 212,
                    "acceptance_rate": 70.66666666666667,
                    "average_offer_price": 116.7318300328652,
                    "average_accepted_price": 95.31440866471462
                }
            }
        },
        "Solar": {
            "initial_budget": 0.0,
            "final_budget": 21535648.56246338,
            "average_budget_change": 72025.58047646616,
            "acceptance_rate": 54.0,
            "average_offer_price": 128.90792253156502,
            "average_accepted_price": 86.17841263133802,
            "resources": {
                "solar": {
                    "total_offers": 300,
                    "accepted_offers": 162,
                    "acceptance_rate": 54.0,
                    "average_offer_price": 128.90792253156502,
                    "average_accepted_price": 86.17841263133802
                }
            }
        },
        "Geothermal": {
            "initial_budget": 0.0,
            "final_budget": 672604.2983462524,
            "average_budget_change": 2249.512703499172,
            "acceptance_rate": 90.0,
            "average_offer_price": 16.90478815605243,
            "average_accepted_price": 10.776681926625747,
            "resources": {
                "geotermal": {
                    "total_offers": 300,
                    "accepted_offers": 270,
                    "acceptance_rate": 90.0,
                    "average_offer_price": 16.90478815605243,
                    "average_accepted_price": 10.776681926625747
                }
            }
        }
    }
}