{
    "simulation_id": "548",
    "total_periods": 336,
    "agents": {
        "CCGT": {
            "initial_budget": 343208.2031,
            "final_budget": 26798148.237579957,
            "average_budget_change": 78969.97025217899,
            "acceptance_rate": 53.57142857142857,
            "average_offer_price": 46.14448571347055,
            "average_accepted_price": 26.400702277819317,
            "resources": {
                "CCGT": {
                    "total_offers": 336,
                    "accepted_offers": 180,
                    "acceptance_rate": 53.57142857142857,
                    "average_offer_price": 46.14448571347055,
                    "average_accepted_price": 26.400702277819317
                }
            }
        },
        "HYDRO": {
            "initial_budget": 0.0,
            "final_budget": 22793582.33,
            "average_budget_change": 68040.54426865671,
            "acceptance_rate": 65.17857142857143,
            "average_offer_price": 38.99268575722263,
            "average_accepted_price": 13.072909698094406,
            "resources": {
                "Hydro": {
                    "total_offers": 336,
                    "accepted_offers": 219,
                    "acceptance_rate": 65.17857142857143,
                    "average_offer_price": 38.99268575722263,
                    "average_accepted_price": 13.072909698094406
                }
            }
        },
        "SOLAR": {
            "initial_budget": 0.0,
            "final_budget": 27343811.69621788,
            "average_budget_change": 81623.31849617278,
            "acceptance_rate": 61.30952380952381,
            "average_offer_price": 29.889539423354325,
            "average_accepted_price": 15.765754350036094,
            "resources": {
                "Solar": {
                    "total_offers": 336,
                    "accepted_offers": 206,
                    "acceptance_rate": 61.30952380952381,
                    "average_offer_price": 29.889539423354325,
                    "average_accepted_price": 15.765754350036094
                }
            }
        },
        "WİND": {
            "initial_budget": 262500.0,
            "final_budget": 14910654.49,
            "average_budget_change": 43725.83429850746,
            "acceptance_rate": 73.80952380952381,
            "average_offer_price": 26.583242350457503,
            "average_accepted_price": 8.007359451914747,
            "resources": {
                "Wind": {
                    "total_offers": 336,
                    "accepted_offers": 248,
                    "acceptance_rate": 73.80952380952381,
                    "average_offer_price": 26.583242350457503,
                    "average_accepted_price": 8.007359451914747
                }
            }
        },
        "NUCLEAR": {
            "initial_budget": 0.0,
            "final_budget": 19960291.84,
            "average_budget_change": 59582.96071641791,
            "acceptance_rate": 50.0,
            "average_offer_price": 41.83075830411343,
            "average_accepted_price": 24.03842275909015,
            "resources": {
                "Nuclear": {
                    "total_offers": 336,
                    "accepted_offers": 168,
                    "acceptance_rate": 50.0,
                    "average_offer_price": 41.83075830411343,
                    "average_accepted_price": 24.03842275909015
                }
            }
        },
        "GEOTHERMAL": {
            "initial_budget": 0.0,
            "final_budget": 19361855.01,
            "average_budget_change": 57796.58211940299,
            "acceptance_rate": 42.26190476190476,
            "average_offer_price": 90.231393743129,
            "average_accepted_price": 18.822053714537283,
            "resources": {
                "Geothermal": {
                    "total_offers": 336,
                    "accepted_offers": 142,
                    "acceptance_rate": 42.26190476190476,
                    "average_offer_price": 90.231393743129,
                    "average_accepted_price": 18.822053714537283
                }
            }
        },
        "BİOFUEL": {
            "initial_budget": 67875.0,
            "final_budget": 13591263.35,
            "average_budget_change": 40368.32343283582,
            "acceptance_rate": 50.297619047619044,
            "average_offer_price": 47.08218572111357,
            "average_accepted_price": 24.201521458710438,
            "resources": {
                "Biofuel": {
                    "total_offers": 336,
                    "accepted_offers": 169,
                    "acceptance_rate": 50.297619047619044,
                    "average_offer_price": 47.08218572111357,
                    "average_accepted_price": 24.201521458710438
                }
            }
        },
        "COAL": {
            "initial_budget": 0.0,
            "final_budget": 5677148.23,
            "average_budget_change": 16946.711134328358,
            "acceptance_rate": 58.333333333333336,
            "average_offer_price": 63.319800132220344,
            "average_accepted_price": 9.940087322297753,
            "resources": {
                "Coal": {
                    "total_offers": 336,
                    "accepted_offers": 196,
                    "acceptance_rate": 58.333333333333336,
                    "average_offer_price": 63.319800132220344,
                    "average_accepted_price": 9.940087322297753
                }
            }
        }
    }
}