{
    "simulation_id": "516",
    "total_periods": 168,
    "agents": {
        "Hydro": {
            "initial_budget": 212500.0,
            "final_budget": 47631017.92,
            "average_budget_change": 283943.2210778443,
            "acceptance_rate": 33.33333333333333,
            "average_offer_price": 174.05020636603945,
            "average_accepted_price": 152.20073114122664,
            "resources": {
                "Hydro": {
                    "total_offers": 168,
                    "accepted_offers": 56,
                    "acceptance_rate": 33.33333333333333,
                    "average_offer_price": 174.05020636603945,
                    "average_accepted_price": 152.20073114122664
                }
            }
        },
        "Solar": {
            "initial_budget": 293046.11999999994,
            "final_budget": 49471637.04,
            "average_budget_change": 294482.58035928145,
            "acceptance_rate": 44.047619047619044,
            "average_offer_price": 143.3014807019915,
            "average_accepted_price": 97.83622788094185,
            "resources": {
                "Solar": {
                    "total_offers": 168,
                    "accepted_offers": 74,
                    "acceptance_rate": 44.047619047619044,
                    "average_offer_price": 143.3014807019915,
                    "average_accepted_price": 97.83622788094185
                }
            }
        },
        "Wind": {
            "initial_budget": 0.0,
            "final_budget": 108103205.25619018,
            "average_budget_change": 647324.5823723963,
            "acceptance_rate": 81.54761904761905,
            "average_offer_price": 95.14278457154121,
            "average_accepted_price": 77.32017704017841,
            "resources": {
                "Wind": {
                    "total_offers": 168,
                    "accepted_offers": 137,
                    "acceptance_rate": 81.54761904761905,
                    "average_offer_price": 95.14278457154121,
                    "average_accepted_price": 77.32017704017841
                }
            }
        },
        "Geothermal": {
            "initial_budget": 100000.0,
            "final_budget": 86205244.0498825,
            "average_budget_change": 515600.2637717515,
            "acceptance_rate": 78.57142857142857,
            "average_offer_price": 103.46987030903499,
            "average_accepted_price": 82.97222807551876,
            "resources": {
                "Geothermal": {
                    "total_offers": 168,
                    "accepted_offers": 132,
                    "acceptance_rate": 78.57142857142857,
                    "average_offer_price": 103.46987030903499,
                    "average_accepted_price": 82.97222807551876
                }
            }
        },
        "Wind 2": {
            "initial_budget": 0.0,
            "final_budget": 35214264.010947265,
            "average_budget_change": 210863.85635297763,
            "acceptance_rate": 91.07142857142857,
            "average_offer_price": 31.461827571902955,
            "average_accepted_price": 20.483612881766426,
            "resources": {
                "Wind": {
                    "total_offers": 168,
                    "accepted_offers": 153,
                    "acceptance_rate": 91.07142857142857,
                    "average_offer_price": 31.461827571902955,
                    "average_accepted_price": 20.483612881766426
                }
            }
        },
        "Solar 2": {
            "initial_budget": 0.0,
            "final_budget": 46264044.16,
            "average_budget_change": 277030.20455089817,
            "acceptance_rate": 33.92857142857143,
            "average_offer_price": 170.5377795071829,
            "average_accepted_price": 135.30476652111923,
            "resources": {
                "Solar": {
                    "total_offers": 168,
                    "accepted_offers": 57,
                    "acceptance_rate": 33.92857142857143,
                    "average_offer_price": 170.5377795071829,
                    "average_accepted_price": 135.30476652111923
                }
            }
        }
    }
}