{
    "simulation_id": "559",
    "total_periods": 336,
    "agents": {
        "CCGT": {
            "initial_budget": 105843.75,
            "final_budget": 120631773.46153198,
            "average_budget_change": 359778.89466128947,
            "acceptance_rate": 72.91666666666666,
            "average_offer_price": 86.70484877572883,
            "average_accepted_price": 68.77583314277688,
            "resources": {
                "CCGT": {
                    "total_offers": 336,
                    "accepted_offers": 245,
                    "acceptance_rate": 72.91666666666666,
                    "average_offer_price": 86.70484877572883,
                    "average_accepted_price": 68.77583314277688
                }
            }
        },
        "HYDRO": {
            "initial_budget": 0.0,
            "final_budget": 94072274.59,
            "average_budget_change": 280812.75997014926,
            "acceptance_rate": 48.80952380952381,
            "average_offer_price": 127.33169333281971,
            "average_accepted_price": 70.4055673581798,
            "resources": {
                "Hydro": {
                    "total_offers": 336,
                    "accepted_offers": 164,
                    "acceptance_rate": 48.80952380952381,
                    "average_offer_price": 127.33169333281971,
                    "average_accepted_price": 70.4055673581798
                }
            }
        },
        "SOLAR": {
            "initial_budget": 0.0,
            "final_budget": 171851659.15,
            "average_budget_change": 512990.02731343283,
            "acceptance_rate": 83.33333333333334,
            "average_offer_price": 86.59496115644772,
            "average_accepted_price": 78.57610684973854,
            "resources": {
                "Solar": {
                    "total_offers": 336,
                    "accepted_offers": 280,
                    "acceptance_rate": 83.33333333333334,
                    "average_offer_price": 86.59496115644772,
                    "average_accepted_price": 78.57610684973854
                }
            }
        },
        "WİND": {
            "initial_budget": 806705.1,
            "final_budget": 118587158.63,
            "average_budget_change": 351583.44337313436,
            "acceptance_rate": 58.63095238095239,
            "average_offer_price": 90.42368740056243,
            "average_accepted_price": 75.2213596196344,
            "resources": {
                "Wind": {
                    "total_offers": 336,
                    "accepted_offers": 197,
                    "acceptance_rate": 58.63095238095239,
                    "average_offer_price": 90.42368740056243,
                    "average_accepted_price": 75.2213596196344
                }
            }
        },
        "NUCLEAR": {
            "initial_budget": -2437.5,
            "final_budget": 77030822.00764771,
            "average_budget_change": 229950.02838103793,
            "acceptance_rate": 39.88095238095239,
            "average_offer_price": 139.7354065378507,
            "average_accepted_price": 86.75992185678055,
            "resources": {
                "Nuclear": {
                    "total_offers": 336,
                    "accepted_offers": 134,
                    "acceptance_rate": 39.88095238095239,
                    "average_offer_price": 139.7354065378507,
                    "average_accepted_price": 86.75992185678055
                }
            }
        },
        "GEOTHERMAL": {
            "initial_budget": 0.0,
            "final_budget": 147175394.9,
            "average_budget_change": 439329.5370149254,
            "acceptance_rate": 63.39285714285714,
            "average_offer_price": 98.43006568863278,
            "average_accepted_price": 87.89514679528178,
            "resources": {
                "Geothermal": {
                    "total_offers": 336,
                    "accepted_offers": 213,
                    "acceptance_rate": 63.39285714285714,
                    "average_offer_price": 98.43006568863278,
                    "average_accepted_price": 87.89514679528178
                }
            }
        },
        "BİOFUEL": {
            "initial_budget": 0.0,
            "final_budget": 120217297.86,
            "average_budget_change": 358857.60555223876,
            "acceptance_rate": 72.61904761904762,
            "average_offer_price": 93.30845898389816,
            "average_accepted_price": 75.51223368332035,
            "resources": {
                "Biofuel": {
                    "total_offers": 336,
                    "accepted_offers": 244,
                    "acceptance_rate": 72.61904761904762,
                    "average_offer_price": 93.30845898389816,
                    "average_accepted_price": 75.51223368332035
                }
            }
        },
        "COAL": {
            "initial_budget": 0.0,
            "final_budget": 34321980.7928,
            "average_budget_change": 102453.67400835821,
            "acceptance_rate": 17.261904761904763,
            "average_offer_price": 171.0006691274189,
            "average_accepted_price": 87.65539281121616,
            "resources": {
                "Coal": {
                    "total_offers": 336,
                    "accepted_offers": 58,
                    "acceptance_rate": 17.261904761904763,
                    "average_offer_price": 171.0006691274189,
                    "average_accepted_price": 87.65539281121616
                }
            }
        }
    }
}