{
    "simulation_id": "589",
    "total_periods": 336,
    "agents": {
        "HYDRO": {
            "initial_budget": 0.0,
            "final_budget": 17968713.09,
            "average_budget_change": 53637.94952238806,
            "acceptance_rate": 92.26190476190477,
            "average_offer_price": 13.272596745931272,
            "average_accepted_price": 7.006675041060625,
            "resources": {
                "Hydro": {
                    "total_offers": 336,
                    "accepted_offers": 310,
                    "acceptance_rate": 92.26190476190477,
                    "average_offer_price": 13.272596745931272,
                    "average_accepted_price": 7.006675041060625
                }
            }
        },
        "SOLAR": {
            "initial_budget": 0.0,
            "final_budget": 34937783.15176086,
            "average_budget_change": 104291.8900052563,
            "acceptance_rate": 60.71428571428571,
            "average_offer_price": 40.221375096057145,
            "average_accepted_price": 22.823799114016925,
            "resources": {
                "Solar": {
                    "total_offers": 336,
                    "accepted_offers": 204,
                    "acceptance_rate": 60.71428571428571,
                    "average_offer_price": 40.221375096057145,
                    "average_accepted_price": 22.823799114016925
                }
            }
        },
        "GEOTHERMAL": {
            "initial_budget": 28125.0,
            "final_budget": 13803592.31,
            "average_budget_change": 41120.7979402985,
            "acceptance_rate": 19.345238095238095,
            "average_offer_price": 88.22379575811681,
            "average_accepted_price": 32.76170209737924,
            "resources": {
                "Geothermal": {
                    "total_offers": 336,
                    "accepted_offers": 65,
                    "acceptance_rate": 19.345238095238095,
                    "average_offer_price": 88.22379575811681,
                    "average_accepted_price": 32.76170209737924
                }
            }
        },
        "BİOFUEL": {
            "initial_budget": -42665.736399999994,
            "final_budget": -8108136.191129885,
            "average_budget_change": -24076.031208148903,
            "acceptance_rate": 78.27380952380952,
            "average_offer_price": 31.32507141413433,
            "average_accepted_price": 10.024772654694749,
            "resources": {
                "Biofuel": {
                    "total_offers": 336,
                    "accepted_offers": 263,
                    "acceptance_rate": 78.27380952380952,
                    "average_offer_price": 31.32507141413433,
                    "average_accepted_price": 10.024772654694749
                }
            }
        },
        "COAL": {
            "initial_budget": 0.0,
            "final_budget": 10010328.12,
            "average_budget_change": 29881.57647761194,
            "acceptance_rate": 46.726190476190474,
            "average_offer_price": 90.40785201834072,
            "average_accepted_price": 13.91170197725296,
            "resources": {
                "Coal": {
                    "total_offers": 336,
                    "accepted_offers": 157,
                    "acceptance_rate": 46.726190476190474,
                    "average_offer_price": 90.40785201834072,
                    "average_accepted_price": 13.91170197725296
                }
            }
        },
        "CCGT": {
            "initial_budget": 0.0,
            "final_budget": 15059554.96,
            "average_budget_change": 44953.89540298508,
            "acceptance_rate": 38.392857142857146,
            "average_offer_price": 51.97531129100493,
            "average_accepted_price": 23.12065134954083,
            "resources": {
                "CCGT": {
                    "total_offers": 336,
                    "accepted_offers": 129,
                    "acceptance_rate": 38.392857142857146,
                    "average_offer_price": 51.97531129100493,
                    "average_accepted_price": 23.12065134954083
                }
            }
        },
        "WİND": {
            "initial_budget": 0.0,
            "final_budget": 31688127.68,
            "average_budget_change": 94591.42591044775,
            "acceptance_rate": 63.095238095238095,
            "average_offer_price": 39.84392873162315,
            "average_accepted_price": 20.466080058295773,
            "resources": {
                "Wind": {
                    "total_offers": 336,
                    "accepted_offers": 212,
                    "acceptance_rate": 63.095238095238095,
                    "average_offer_price": 39.84392873162315,
                    "average_accepted_price": 20.466080058295773
                }
            }
        },
        "NUCLEAR": {
            "initial_budget": -49312.5,
            "final_budget": 26064390.82180488,
            "average_budget_change": 77951.35319941756,
            "acceptance_rate": 54.46428571428571,
            "average_offer_price": 47.37441634067467,
            "average_accepted_price": 27.08870377175795,
            "resources": {
                "Nuclear": {
                    "total_offers": 336,
                    "accepted_offers": 183,
                    "acceptance_rate": 54.46428571428571,
                    "average_offer_price": 47.37441634067467,
                    "average_accepted_price": 27.08870377175795
                }
            }
        }
    }
}