{
    "simulation_id": "591",
    "total_periods": 336,
    "agents": {
        "SOLAR": {
            "initial_budget": 46875.0,
            "final_budget": 217026045.71,
            "average_budget_change": 647699.0170447761,
            "acceptance_rate": 63.39285714285714,
            "average_offer_price": 179.36010637169792,
            "average_accepted_price": 171.515448512046,
            "resources": {
                "Solar": {
                    "total_offers": 336,
                    "accepted_offers": 213,
                    "acceptance_rate": 63.39285714285714,
                    "average_offer_price": 179.36010637169792,
                    "average_accepted_price": 171.515448512046
                }
            }
        },
        "GEOTHERMAL": {
            "initial_budget": 28125.0,
            "final_budget": 197630936.29824218,
            "average_budget_change": 589859.138203708,
            "acceptance_rate": 57.14285714285714,
            "average_offer_price": 180.49966427258082,
            "average_accepted_price": 173.0292733112971,
            "resources": {
                "Geothermal": {
                    "total_offers": 336,
                    "accepted_offers": 192,
                    "acceptance_rate": 57.14285714285714,
                    "average_offer_price": 180.49966427258082,
                    "average_accepted_price": 173.0292733112971
                }
            }
        },
        "BİOFUEL": {
            "initial_budget": 0.0,
            "final_budget": 208421556.05,
            "average_budget_change": 622153.8986567165,
            "acceptance_rate": 59.82142857142857,
            "average_offer_price": 182.73138672964913,
            "average_accepted_price": 175.07768754342302,
            "resources": {
                "Biofuel": {
                    "total_offers": 336,
                    "accepted_offers": 201,
                    "acceptance_rate": 59.82142857142857,
                    "average_offer_price": 182.73138672964913,
                    "average_accepted_price": 175.07768754342302
                }
            }
        },
        "COAL": {
            "initial_budget": 0.0,
            "final_budget": 198080002.9,
            "average_budget_change": 591283.5907462686,
            "acceptance_rate": 58.03571428571429,
            "average_offer_price": 181.4133445308322,
            "average_accepted_price": 173.30176268357496,
            "resources": {
                "Coal": {
                    "total_offers": 336,
                    "accepted_offers": 195,
                    "acceptance_rate": 58.03571428571429,
                    "average_offer_price": 181.4133445308322,
                    "average_accepted_price": 173.30176268357496
                }
            }
        },
        "CCGT": {
            "initial_budget": 423878.7131,
            "final_budget": 150879758.42,
            "average_budget_change": 449122.0289758209,
            "acceptance_rate": 62.202380952380956,
            "average_offer_price": 155.9836057903511,
            "average_accepted_price": 132.95491144132387,
            "resources": {
                "CCGT": {
                    "total_offers": 336,
                    "accepted_offers": 209,
                    "acceptance_rate": 62.202380952380956,
                    "average_offer_price": 155.9836057903511,
                    "average_accepted_price": 132.95491144132387
                }
            }
        },
        "WİND": {
            "initial_budget": 0.0,
            "final_budget": 250091274.7489215,
            "average_budget_change": 746541.1186534971,
            "acceptance_rate": 69.64285714285714,
            "average_offer_price": 169.058733468964,
            "average_accepted_price": 158.27373407641028,
            "resources": {
                "Wind": {
                    "total_offers": 336,
                    "accepted_offers": 234,
                    "acceptance_rate": 69.64285714285714,
                    "average_offer_price": 169.058733468964,
                    "average_accepted_price": 158.27373407641028
                }
            }
        },
        "NUCLEAR": {
            "initial_budget": 0.0,
            "final_budget": 233355942.69727784,
            "average_budget_change": 696584.9035739637,
            "acceptance_rate": 69.04761904761905,
            "average_offer_price": 170.13891356331962,
            "average_accepted_price": 161.06188680385722,
            "resources": {
                "Nuclear": {
                    "total_offers": 336,
                    "accepted_offers": 232,
                    "acceptance_rate": 69.04761904761905,
                    "average_offer_price": 170.13891356331962,
                    "average_accepted_price": 161.06188680385722
                }
            }
        },
        "HYDRO": {
            "initial_budget": 0.0,
            "final_budget": 346986132.5019049,
            "average_budget_change": 1035779.5000056864,
            "acceptance_rate": 92.26190476190477,
            "average_offer_price": 132.10935301652975,
            "average_accepted_price": 128.48824655702037,
            "resources": {
                "Hydro": {
                    "total_offers": 336,
                    "accepted_offers": 310,
                    "acceptance_rate": 92.26190476190477,
                    "average_offer_price": 132.10935301652975,
                    "average_accepted_price": 128.48824655702037
                }
            }
        }
    }
}