{
    "simulation_id": "590",
    "total_periods": 336,
    "agents": {
        "NUCLEAR": {
            "initial_budget": 0.0,
            "final_budget": 8969021.0,
            "average_budget_change": 26773.197014925372,
            "acceptance_rate": 40.476190476190474,
            "average_offer_price": 43.13638138309831,
            "average_accepted_price": 15.516937905374695,
            "resources": {
                "Nuclear": {
                    "total_offers": 336,
                    "accepted_offers": 136,
                    "acceptance_rate": 40.476190476190474,
                    "average_offer_price": 43.13638138309831,
                    "average_accepted_price": 15.516937905374695
                }
            }
        },
        "HYDRO": {
            "initial_budget": 0.0,
            "final_budget": 11084935.85,
            "average_budget_change": 33089.360746268656,
            "acceptance_rate": 39.58333333333333,
            "average_offer_price": 36.90495399137338,
            "average_accepted_price": 12.140845322071161,
            "resources": {
                "Hydro": {
                    "total_offers": 336,
                    "accepted_offers": 133,
                    "acceptance_rate": 39.58333333333333,
                    "average_offer_price": 36.90495399137338,
                    "average_accepted_price": 12.140845322071161
                }
            }
        },
        "SOLAR": {
            "initial_budget": 0.0,
            "final_budget": 14070468.044714356,
            "average_budget_change": 42001.39714840106,
            "acceptance_rate": 57.14285714285714,
            "average_offer_price": 23.4642523862865,
            "average_accepted_price": 10.455744918823862,
            "resources": {
                "Solar": {
                    "total_offers": 336,
                    "accepted_offers": 192,
                    "acceptance_rate": 57.14285714285714,
                    "average_offer_price": 23.4642523862865,
                    "average_accepted_price": 10.455744918823862
                }
            }
        },
        "GEOTHERMAL": {
            "initial_budget": 0.0,
            "final_budget": 8589833.39,
            "average_budget_change": 25641.293701492537,
            "acceptance_rate": 80.95238095238095,
            "average_offer_price": 12.663496888087442,
            "average_accepted_price": 4.286399466999094,
            "resources": {
                "Geothermal": {
                    "total_offers": 336,
                    "accepted_offers": 272,
                    "acceptance_rate": 80.95238095238095,
                    "average_offer_price": 12.663496888087442,
                    "average_accepted_price": 4.286399466999094
                }
            }
        },
        "BİOFUEL": {
            "initial_budget": -7125.0,
            "final_budget": -12635958.67,
            "average_budget_change": -37698.01095522388,
            "acceptance_rate": 79.76190476190477,
            "average_offer_price": 14.723016846880672,
            "average_accepted_price": 6.9349610913934105,
            "resources": {
                "Biofuel": {
                    "total_offers": 336,
                    "accepted_offers": 268,
                    "acceptance_rate": 79.76190476190477,
                    "average_offer_price": 14.723016846880672,
                    "average_accepted_price": 6.9349610913934105
                }
            }
        },
        "COAL": {
            "initial_budget": 0.0,
            "final_budget": 1667978.65,
            "average_budget_change": 4979.040746268656,
            "acceptance_rate": 41.66666666666667,
            "average_offer_price": 64.04319016076624,
            "average_accepted_price": 8.28023320628064,
            "resources": {
                "Coal": {
                    "total_offers": 336,
                    "accepted_offers": 140,
                    "acceptance_rate": 41.66666666666667,
                    "average_offer_price": 64.04319016076624,
                    "average_accepted_price": 8.28023320628064
                }
            }
        },
        "CCGT": {
            "initial_budget": 379061.7631,
            "final_budget": 568044.0794991016,
            "average_budget_change": 564.1263176092575,
            "acceptance_rate": 77.08333333333334,
            "average_offer_price": 14.390557411171141,
            "average_accepted_price": 5.490195106815648,
            "resources": {
                "CCGT": {
                    "total_offers": 336,
                    "accepted_offers": 259,
                    "acceptance_rate": 77.08333333333334,
                    "average_offer_price": 14.390557411171141,
                    "average_accepted_price": 5.490195106815648
                }
            }
        },
        "WİND": {
            "initial_budget": 0.0,
            "final_budget": 12352585.15,
            "average_budget_change": 36873.38850746269,
            "acceptance_rate": 42.55952380952381,
            "average_offer_price": 32.837755987775466,
            "average_accepted_price": 12.766199148618258,
            "resources": {
                "Wind": {
                    "total_offers": 336,
                    "accepted_offers": 143,
                    "acceptance_rate": 42.55952380952381,
                    "average_offer_price": 32.837755987775466,
                    "average_accepted_price": 12.766199148618258
                }
            }
        }
    }
}