{
    "simulation_id": "552",
    "total_periods": 336,
    "agents": {
        "CCGT": {
            "initial_budget": 105843.75,
            "final_budget": 36047256.58,
            "average_budget_change": 107287.7994925373,
            "acceptance_rate": 36.607142857142854,
            "average_offer_price": 140.30223469471647,
            "average_accepted_price": 56.021100888407325,
            "resources": {
                "CCGT": {
                    "total_offers": 336,
                    "accepted_offers": 123,
                    "acceptance_rate": 36.607142857142854,
                    "average_offer_price": 140.30223469471647,
                    "average_accepted_price": 56.021100888407325
                }
            }
        },
        "HYDRO": {
            "initial_budget": 28125.0,
            "final_budget": 140009005.88,
            "average_budget_change": 417853.37576119404,
            "acceptance_rate": 64.88095238095238,
            "average_offer_price": 109.93663667213349,
            "average_accepted_price": 98.79494600121035,
            "resources": {
                "Hydro": {
                    "total_offers": 336,
                    "accepted_offers": 218,
                    "acceptance_rate": 64.88095238095238,
                    "average_offer_price": 109.93663667213349,
                    "average_accepted_price": 98.79494600121035
                }
            }
        },
        "SOLAR": {
            "initial_budget": 0.0,
            "final_budget": 28423204.19,
            "average_budget_change": 84845.38564179104,
            "acceptance_rate": 12.797619047619047,
            "average_offer_price": 177.90963195051467,
            "average_accepted_price": 114.504238217376,
            "resources": {
                "Solar": {
                    "total_offers": 336,
                    "accepted_offers": 43,
                    "acceptance_rate": 12.797619047619047,
                    "average_offer_price": 177.90963195051467,
                    "average_accepted_price": 114.504238217376
                }
            }
        },
        "WİND": {
            "initial_budget": 0.0,
            "final_budget": 138923188.555495,
            "average_budget_change": 414696.0852402836,
            "acceptance_rate": 79.46428571428571,
            "average_offer_price": 84.63599527166004,
            "average_accepted_price": 61.43103224150697,
            "resources": {
                "Wind": {
                    "total_offers": 336,
                    "accepted_offers": 267,
                    "acceptance_rate": 79.46428571428571,
                    "average_offer_price": 84.63599527166004,
                    "average_accepted_price": 61.43103224150697
                }
            }
        },
        "NUCLEAR": {
            "initial_budget": 0.0,
            "final_budget": 151887872.19308907,
            "average_budget_change": 453396.6334122062,
            "acceptance_rate": 72.02380952380952,
            "average_offer_price": 110.98663582688286,
            "average_accepted_price": 84.56734123702877,
            "resources": {
                "Nuclear": {
                    "total_offers": 336,
                    "accepted_offers": 242,
                    "acceptance_rate": 72.02380952380952,
                    "average_offer_price": 110.98663582688286,
                    "average_accepted_price": 84.56734123702877
                }
            }
        },
        "GEOTHERMAL": {
            "initial_budget": 412315.93999999994,
            "final_budget": 28721600.82,
            "average_budget_change": 84505.328,
            "acceptance_rate": 30.952380952380953,
            "average_offer_price": 138.14394776948862,
            "average_accepted_price": 45.08448710120641,
            "resources": {
                "Geothermal": {
                    "total_offers": 336,
                    "accepted_offers": 104,
                    "acceptance_rate": 30.952380952380953,
                    "average_offer_price": 138.14394776948862,
                    "average_accepted_price": 45.08448710120641
                }
            }
        },
        "BİOFUEL": {
            "initial_budget": 0.0,
            "final_budget": 155899679.0278186,
            "average_budget_change": 465372.17620244354,
            "acceptance_rate": 77.38095238095238,
            "average_offer_price": 102.70536421877998,
            "average_accepted_price": 85.76584142905016,
            "resources": {
                "Biofuel": {
                    "total_offers": 336,
                    "accepted_offers": 260,
                    "acceptance_rate": 77.38095238095238,
                    "average_offer_price": 102.70536421877998,
                    "average_accepted_price": 85.76584142905016
                }
            }
        },
        "COAL": {
            "initial_budget": 0.0,
            "final_budget": 178274735.38516724,
            "average_budget_change": 532163.3892094544,
            "acceptance_rate": 83.63095238095238,
            "average_offer_price": 94.79514794406437,
            "average_accepted_price": 84.54053228860224,
            "resources": {
                "Coal": {
                    "total_offers": 336,
                    "accepted_offers": 281,
                    "acceptance_rate": 83.63095238095238,
                    "average_offer_price": 94.79514794406437,
                    "average_accepted_price": 84.54053228860224
                }
            }
        }
    }
}