{
    "simulation_id": "513",
    "total_periods": 168,
    "agents": {
        "Coal": {
            "initial_budget": 1232250.0,
            "final_budget": 263992649.59,
            "average_budget_change": 1573415.5664071857,
            "acceptance_rate": 76.19047619047619,
            "average_offer_price": 169.795493551663,
            "average_accepted_price": 163.07897581905127,
            "resources": {
                "Coal": {
                    "total_offers": 168,
                    "accepted_offers": 128,
                    "acceptance_rate": 76.19047619047619,
                    "average_offer_price": 169.795493551663,
                    "average_accepted_price": 163.07897581905127
                }
            }
        },
        "CCGT": {
            "initial_budget": 0.0,
            "final_budget": 275949424.6876928,
            "average_budget_change": 1652391.764596963,
            "acceptance_rate": 79.16666666666666,
            "average_offer_price": 171.09628705786807,
            "average_accepted_price": 165.46881001739573,
            "resources": {
                "CCGT": {
                    "total_offers": 168,
                    "accepted_offers": 133,
                    "acceptance_rate": 79.16666666666666,
                    "average_offer_price": 171.09628705786807,
                    "average_accepted_price": 165.46881001739573
                }
            }
        },
        "Biofuel": {
            "initial_budget": 125467.15359999998,
            "final_budget": 259217959.02752686,
            "average_budget_change": 1551452.0471492626,
            "acceptance_rate": 84.52380952380952,
            "average_offer_price": 152.90602346545174,
            "average_accepted_price": 144.85923475278935,
            "resources": {
                "Biofuel": {
                    "total_offers": 168,
                    "accepted_offers": 142,
                    "acceptance_rate": 84.52380952380952,
                    "average_offer_price": 152.90602346545174,
                    "average_accepted_price": 144.85923475278935
                }
            }
        }
    }
}