{
    "simulation_id": "555",
    "total_periods": 336,
    "agents": {
        "GEOTHERMAL": {
            "initial_budget": 0.0,
            "final_budget": 136121050.54,
            "average_budget_change": 406331.4941492537,
            "acceptance_rate": 78.57142857142857,
            "average_offer_price": 80.69440468116885,
            "average_accepted_price": 63.81956838793827,
            "resources": {
                "Geothermal": {
                    "total_offers": 336,
                    "accepted_offers": 264,
                    "acceptance_rate": 78.57142857142857,
                    "average_offer_price": 80.69440468116885,
                    "average_accepted_price": 63.81956838793827
                }
            }
        },
        "BİOFUEL": {
            "initial_budget": -44625.0,
            "final_budget": 102114151.04141144,
            "average_budget_change": 304951.57027287,
            "acceptance_rate": 67.55952380952381,
            "average_offer_price": 93.20350397342727,
            "average_accepted_price": 72.77022571185611,
            "resources": {
                "Biofuel": {
                    "total_offers": 336,
                    "accepted_offers": 227,
                    "acceptance_rate": 67.55952380952381,
                    "average_offer_price": 93.20350397342727,
                    "average_accepted_price": 72.77022571185611
                }
            }
        },
        "COAL": {
            "initial_budget": 334244.81309999997,
            "final_budget": 32174837.94,
            "average_budget_change": 95046.54664746269,
            "acceptance_rate": 15.773809523809524,
            "average_offer_price": 168.65736661638533,
            "average_accepted_price": 100.67132244469984,
            "resources": {
                "Coal": {
                    "total_offers": 336,
                    "accepted_offers": 53,
                    "acceptance_rate": 15.773809523809524,
                    "average_offer_price": 168.65736661638533,
                    "average_accepted_price": 100.67132244469984
                }
            }
        },
        "CCGT": {
            "initial_budget": 124593.75,
            "final_budget": 144449112.62166718,
            "average_budget_change": 430819.4593184095,
            "acceptance_rate": 75.29761904761905,
            "average_offer_price": 84.63104840545427,
            "average_accepted_price": 73.00726076925226,
            "resources": {
                "CCGT": {
                    "total_offers": 336,
                    "accepted_offers": 253,
                    "acceptance_rate": 75.29761904761905,
                    "average_offer_price": 84.63104840545427,
                    "average_accepted_price": 73.00726076925226
                }
            }
        },
        "HYDRO": {
            "initial_budget": 0.0,
            "final_budget": 41514662.87728855,
            "average_budget_change": 123924.36679787627,
            "acceptance_rate": 58.333333333333336,
            "average_offer_price": 89.38677567352231,
            "average_accepted_price": 29.119520099225397,
            "resources": {
                "Hydro": {
                    "total_offers": 336,
                    "accepted_offers": 196,
                    "acceptance_rate": 58.333333333333336,
                    "average_offer_price": 89.38677567352231,
                    "average_accepted_price": 29.119520099225397
                }
            }
        },
        "SOLAR": {
            "initial_budget": 0.0,
            "final_budget": 152789631.86,
            "average_budget_change": 456088.45331343287,
            "acceptance_rate": 72.61904761904762,
            "average_offer_price": 88.12985965715987,
            "average_accepted_price": 78.27261126578831,
            "resources": {
                "Solar": {
                    "total_offers": 336,
                    "accepted_offers": 244,
                    "acceptance_rate": 72.61904761904762,
                    "average_offer_price": 88.12985965715987,
                    "average_accepted_price": 78.27261126578831
                }
            }
        },
        "WİND": {
            "initial_budget": 0.0,
            "final_budget": 83525286.33024323,
            "average_budget_change": 249329.2129260992,
            "acceptance_rate": 63.095238095238095,
            "average_offer_price": 90.71295445829276,
            "average_accepted_price": 59.65577232542465,
            "resources": {
                "Wind": {
                    "total_offers": 336,
                    "accepted_offers": 212,
                    "acceptance_rate": 63.095238095238095,
                    "average_offer_price": 90.71295445829276,
                    "average_accepted_price": 59.65577232542465
                }
            }
        },
        "NUCLEAR": {
            "initial_budget": 0.0,
            "final_budget": 34368579.73,
            "average_budget_change": 102592.77531343282,
            "acceptance_rate": 23.809523809523807,
            "average_offer_price": 157.0820215514728,
            "average_accepted_price": 78.62332495450974,
            "resources": {
                "Nuclear": {
                    "total_offers": 336,
                    "accepted_offers": 80,
                    "acceptance_rate": 23.809523809523807,
                    "average_offer_price": 157.0820215514728,
                    "average_accepted_price": 78.62332495450974
                }
            }
        }
    }
}