{
    "simulation_id": "527",
    "total_periods": 336,
    "agents": {
        "CCGT": {
            "initial_budget": 518343.75,
            "final_budget": 2404291.59,
            "average_budget_change": 5629.695044776119,
            "acceptance_rate": 3.869047619047619,
            "average_offer_price": 181.28446288903555,
            "average_accepted_price": 37.55857386955848,
            "resources": {
                "CCGT": {
                    "total_offers": 336,
                    "accepted_offers": 13,
                    "acceptance_rate": 3.869047619047619,
                    "average_offer_price": 181.28446288903555,
                    "average_accepted_price": 37.55857386955848
                }
            }
        },
        "Coal": {
            "initial_budget": 0.0,
            "final_budget": 42663935.12,
            "average_budget_change": 127355.03020895521,
            "acceptance_rate": 55.952380952380956,
            "average_offer_price": 67.8310722678545,
            "average_accepted_price": 39.3312090099492,
            "resources": {
                "Coal": {
                    "total_offers": 336,
                    "accepted_offers": 188,
                    "acceptance_rate": 55.952380952380956,
                    "average_offer_price": 67.8310722678545,
                    "average_accepted_price": 39.3312090099492
                }
            }
        },
        "Biofuel": {
            "initial_budget": 0.0,
            "final_budget": 1506381.89,
            "average_budget_change": 4496.662358208955,
            "acceptance_rate": 1.488095238095238,
            "average_offer_price": 187.15465251604715,
            "average_accepted_price": 68.29214782714844,
            "resources": {
                "Biofuel": {
                    "total_offers": 336,
                    "accepted_offers": 5,
                    "acceptance_rate": 1.488095238095238,
                    "average_offer_price": 187.15465251604715,
                    "average_accepted_price": 68.29214782714844
                }
            }
        },
        "Geothermal": {
            "initial_budget": 384375.0,
            "final_budget": 20774810.978962928,
            "average_budget_change": 60866.97307153113,
            "acceptance_rate": 95.83333333333334,
            "average_offer_price": 13.001358303848454,
            "average_accepted_price": 8.385414940076561,
            "resources": {
                "Geothermal": {
                    "total_offers": 336,
                    "accepted_offers": 322,
                    "acceptance_rate": 95.83333333333334,
                    "average_offer_price": 13.001358303848454,
                    "average_accepted_price": 8.385414940076561
                }
            }
        },
        "Hydro": {
            "initial_budget": 573656.96,
            "final_budget": 26152899.78660469,
            "average_budget_change": 76355.9487361334,
            "acceptance_rate": 95.23809523809523,
            "average_offer_price": 15.279091014637656,
            "average_accepted_price": 10.76069597590249,
            "resources": {
                "Hydro": {
                    "total_offers": 336,
                    "accepted_offers": 320,
                    "acceptance_rate": 95.23809523809523,
                    "average_offer_price": 15.279091014637656,
                    "average_accepted_price": 10.76069597590249
                }
            }
        },
        "Solar": {
            "initial_budget": 0.0,
            "final_budget": 57774483.52,
            "average_budget_change": 172461.14483582092,
            "acceptance_rate": 73.51190476190477,
            "average_offer_price": 43.69147220289423,
            "average_accepted_price": 32.1287155870484,
            "resources": {
                "Solar": {
                    "total_offers": 336,
                    "accepted_offers": 247,
                    "acceptance_rate": 73.51190476190477,
                    "average_offer_price": 43.69147220289423,
                    "average_accepted_price": 32.1287155870484
                }
            }
        },
        "Wind": {
            "initial_budget": 0.0,
            "final_budget": 53236561.95385757,
            "average_budget_change": 158915.1103100226,
            "acceptance_rate": 69.94047619047619,
            "average_offer_price": 47.84226195088455,
            "average_accepted_price": 30.31510906726756,
            "resources": {
                "Wind": {
                    "total_offers": 336,
                    "accepted_offers": 235,
                    "acceptance_rate": 69.94047619047619,
                    "average_offer_price": 47.84226195088455,
                    "average_accepted_price": 30.31510906726756
                }
            }
        },
        "Nuclear": {
            "initial_budget": 0.0,
            "final_budget": 39119522.65101875,
            "average_budget_change": 116774.694480653,
            "acceptance_rate": 55.654761904761905,
            "average_offer_price": 59.010287508013704,
            "average_accepted_price": 38.136509118233135,
            "resources": {
                "Nuclear": {
                    "total_offers": 336,
                    "accepted_offers": 187,
                    "acceptance_rate": 55.654761904761905,
                    "average_offer_price": 59.010287508013704,
                    "average_accepted_price": 38.136509118233135
                }
            }
        }
    }
}