{
    "simulation_id": "518",
    "total_periods": 336,
    "agents": {
        "Wind": {
            "initial_budget": 1120423.75,
            "final_budget": 16386550.590646481,
            "average_budget_change": 45570.52788252681,
            "acceptance_rate": 86.30952380952381,
            "average_offer_price": 17.260359214685327,
            "average_accepted_price": 6.980834865338843,
            "resources": {
                "Wind": {
                    "total_offers": 336,
                    "accepted_offers": 290,
                    "acceptance_rate": 86.30952380952381,
                    "average_offer_price": 17.260359214685327,
                    "average_accepted_price": 6.980834865338843
                }
            }
        },
        "Nuclear": {
            "initial_budget": 0.0,
            "final_budget": 15825404.99,
            "average_budget_change": 47240.01489552239,
            "acceptance_rate": 44.642857142857146,
            "average_offer_price": 50.26942342271408,
            "average_accepted_price": 22.126964382330577,
            "resources": {
                "Nuclear": {
                    "total_offers": 336,
                    "accepted_offers": 150,
                    "acceptance_rate": 44.642857142857146,
                    "average_offer_price": 50.26942342271408,
                    "average_accepted_price": 22.126964382330577
                }
            }
        },
        "CCGT": {
            "initial_budget": 0.0,
            "final_budget": 2638041.59,
            "average_budget_change": 7874.751014925374,
            "acceptance_rate": 79.16666666666666,
            "average_offer_price": 28.782094101826218,
            "average_accepted_price": 7.395522918026979,
            "resources": {
                "CCGT": {
                    "total_offers": 336,
                    "accepted_offers": 266,
                    "acceptance_rate": 79.16666666666666,
                    "average_offer_price": 28.782094101826218,
                    "average_accepted_price": 7.395522918026979
                }
            }
        },
        "Coal": {
            "initial_budget": 0.0,
            "final_budget": 3656386.369543164,
            "average_budget_change": 10914.586177740788,
            "acceptance_rate": 30.059523809523807,
            "average_offer_price": 119.76215906973395,
            "average_accepted_price": 13.726349860134691,
            "resources": {
                "Coal": {
                    "total_offers": 336,
                    "accepted_offers": 101,
                    "acceptance_rate": 30.059523809523807,
                    "average_offer_price": 119.76215906973395,
                    "average_accepted_price": 13.726349860134691
                }
            }
        },
        "Biofuel": {
            "initial_budget": 405375.0,
            "final_budget": -12987385.461419594,
            "average_budget_change": -39978.38943707342,
            "acceptance_rate": 82.14285714285714,
            "average_offer_price": 25.523669783868606,
            "average_accepted_price": 8.005378121429164,
            "resources": {
                "Biofuel": {
                    "total_offers": 336,
                    "accepted_offers": 276,
                    "acceptance_rate": 82.14285714285714,
                    "average_offer_price": 25.523669783868606,
                    "average_accepted_price": 8.005378121429164
                }
            }
        },
        "Geothermal": {
            "initial_budget": 0.0,
            "final_budget": 16311036.26,
            "average_budget_change": 48689.66047761194,
            "acceptance_rate": 37.797619047619044,
            "average_offer_price": 67.72818696144081,
            "average_accepted_price": 19.428923725143193,
            "resources": {
                "Geothermal": {
                    "total_offers": 336,
                    "accepted_offers": 127,
                    "acceptance_rate": 37.797619047619044,
                    "average_offer_price": 67.72818696144081,
                    "average_accepted_price": 19.428923725143193
                }
            }
        },
        "Hydro": {
            "initial_budget": 693750.0,
            "final_budget": 23981603.17,
            "average_budget_change": 69515.9796119403,
            "acceptance_rate": 43.452380952380956,
            "average_offer_price": 43.57483822754806,
            "average_accepted_price": 23.383312684420037,
            "resources": {
                "Hydro": {
                    "total_offers": 336,
                    "accepted_offers": 146,
                    "acceptance_rate": 43.452380952380956,
                    "average_offer_price": 43.57483822754806,
                    "average_accepted_price": 23.383312684420037
                }
            }
        },
        "Solar": {
            "initial_budget": 0.0,
            "final_budget": 26094225.14,
            "average_budget_change": 77893.20937313433,
            "acceptance_rate": 50.595238095238095,
            "average_offer_price": 45.169589811847324,
            "average_accepted_price": 23.750640515720143,
            "resources": {
                "Solar": {
                    "total_offers": 336,
                    "accepted_offers": 170,
                    "acceptance_rate": 50.595238095238095,
                    "average_offer_price": 45.169589811847324,
                    "average_accepted_price": 23.750640515720143
                }
            }
        }
    }
}