{
    "simulation_id": "562",
    "total_periods": 336,
    "agents": {
        "HYDRO": {
            "initial_budget": 224084.74999999997,
            "final_budget": 31089605.1,
            "average_budget_change": 92135.88164179104,
            "acceptance_rate": 63.988095238095234,
            "average_offer_price": 51.78847335101593,
            "average_accepted_price": 19.16815187376599,
            "resources": {
                "Hydro": {
                    "total_offers": 336,
                    "accepted_offers": 215,
                    "acceptance_rate": 63.988095238095234,
                    "average_offer_price": 51.78847335101593,
                    "average_accepted_price": 19.16815187376599
                }
            }
        },
        "SOLAR": {
            "initial_budget": 0.0,
            "final_budget": 60100041.46896362,
            "average_budget_change": 179403.10886257797,
            "acceptance_rate": 74.10714285714286,
            "average_offer_price": 47.66040013992183,
            "average_accepted_price": 31.195129163473485,
            "resources": {
                "Solar": {
                    "total_offers": 336,
                    "accepted_offers": 249,
                    "acceptance_rate": 74.10714285714286,
                    "average_offer_price": 47.66040013992183,
                    "average_accepted_price": 31.195129163473485
                }
            }
        },
        "WİND": {
            "initial_budget": 206250.0,
            "final_budget": 59738446.08261292,
            "average_budget_change": 177708.04800779975,
            "acceptance_rate": 66.07142857142857,
            "average_offer_price": 58.02172221030508,
            "average_accepted_price": 34.80726750047357,
            "resources": {
                "Wind": {
                    "total_offers": 336,
                    "accepted_offers": 222,
                    "acceptance_rate": 66.07142857142857,
                    "average_offer_price": 58.02172221030508,
                    "average_accepted_price": 34.80726750047357
                }
            }
        },
        "NUCLEAR": {
            "initial_budget": 0.0,
            "final_budget": 40471009.9847406,
            "average_budget_change": 120808.98502907642,
            "acceptance_rate": 55.654761904761905,
            "average_offer_price": 71.46784094880734,
            "average_accepted_price": 32.51451860360283,
            "resources": {
                "Nuclear": {
                    "total_offers": 336,
                    "accepted_offers": 187,
                    "acceptance_rate": 55.654761904761905,
                    "average_offer_price": 71.46784094880734,
                    "average_accepted_price": 32.51451860360283
                }
            }
        },
        "GEOTHERMAL": {
            "initial_budget": 0.0,
            "final_budget": 21191734.63,
            "average_budget_change": 63258.90934328358,
            "acceptance_rate": 76.78571428571429,
            "average_offer_price": 40.53379942228397,
            "average_accepted_price": 9.27124913672144,
            "resources": {
                "Geothermal": {
                    "total_offers": 336,
                    "accepted_offers": 258,
                    "acceptance_rate": 76.78571428571429,
                    "average_offer_price": 40.53379942228397,
                    "average_accepted_price": 9.27124913672144
                }
            }
        },
        "BİOFUEL": {
            "initial_budget": -82125.0,
            "final_budget": 11030884.1,
            "average_budget_change": 33173.161492537314,
            "acceptance_rate": 23.511904761904763,
            "average_offer_price": 95.50370349983375,
            "average_accepted_price": 36.12264447574374,
            "resources": {
                "Biofuel": {
                    "total_offers": 336,
                    "accepted_offers": 79,
                    "acceptance_rate": 23.511904761904763,
                    "average_offer_price": 95.50370349983375,
                    "average_accepted_price": 36.12264447574374
                }
            }
        },
        "COAL": {
            "initial_budget": 0.0,
            "final_budget": 32211161.02,
            "average_budget_change": 96152.71946268657,
            "acceptance_rate": 41.66666666666667,
            "average_offer_price": 65.934855101364,
            "average_accepted_price": 41.156649245534624,
            "resources": {
                "Coal": {
                    "total_offers": 336,
                    "accepted_offers": 140,
                    "acceptance_rate": 41.66666666666667,
                    "average_offer_price": 65.934855101364,
                    "average_accepted_price": 41.156649245534624
                }
            }
        },
        "CCGT": {
            "initial_budget": 0.0,
            "final_budget": 45240465.12348359,
            "average_budget_change": 135046.16454771222,
            "acceptance_rate": 52.083333333333336,
            "average_offer_price": 64.42743290322167,
            "average_accepted_price": 43.09735512324742,
            "resources": {
                "CCGT": {
                    "total_offers": 336,
                    "accepted_offers": 175,
                    "acceptance_rate": 52.083333333333336,
                    "average_offer_price": 64.42743290322167,
                    "average_accepted_price": 43.09735512324742
                }
            }
        }
    }
}